用户名,用户组,用户ID,完成时间
gmj,世外高人,104181,2016-04-10 11:29:42
clare00cl,无双隐士,212500,2016-04-03 20:41:41
wasd,离任资源组,226708,2016-03-31 12:20:35
zouxiaqu,风尘奇侠,217940,2016-03-30 16:49:05
ddd1121dy,风尘奇侠,235826,2016-03-20 15:31:08
sunya14125813,风尘奇侠,229181,2016-03-19 23:20:01
xiao331,风尘奇侠,241292,2016-03-19 09:56:00
dajiang321,风尘奇侠,236578,2016-03-19 09:27:38
angelamoby,世外高人,94906,2016-03-18 20:58:49
Easoner,武林高手,219811,2016-03-18 12:38:06
zhangzhuoheng,风尘奇侠,139944,2016-03-17 23:38:06
niugang0118,世外高人,230447,2016-03-16 19:59:15
XIZI123,风尘奇侠,219144,2016-03-16 01:26:38
sunya14125813,风尘奇侠,229181,2016-03-15 16:35:10
jimomaomao,风尘奇侠,220196,2016-03-15 12:45:08
tursun,世外高人,127766,2016-03-15 11:07:57
qsgl,世外高人,237886,2016-03-15 00:20:21
liangma,世外高人,93178,2016-03-14 19:12:22
yu1219212082,武林高手,239812,2016-03-13 19:57:46
MAYDAY6667,无双隐士,218879,2016-03-13 19:36:37
az15121016,武林高手,236280,2016-03-13 14:46:19
2908203842,江湖小虾,232586,2016-03-13 10:37:58
aisi13140,武林高手,87240,2016-03-13 10:34:36
yu1219212082,武林高手,239812,2016-03-13 00:23:09
xgdxielishuai,风尘奇侠,239088,2016-03-12 23:42:57
z825308434,武林高手,238789,2016-03-12 22:56:36
jasuly,江湖侠隐,229734,2016-03-12 19:14:10
CTXSCIR,无双隐士,209303,2016-03-12 16:15:10
natalie1990,离任资源组,114524,2016-03-12 15:17:46
jason2015,江湖小虾,237790,2016-03-12 15:05:29
ykzhou,无双隐士,180152,2016-03-11 18:46:28
highevilforever,无双隐士,231872,2016-03-11 18:26:37
chenlei11410804,世外高人,170722,2016-03-11 17:28:45
wei8387178,世外高人,234388,2016-03-11 13:01:02
huohuabrother,武林高手,238144,2016-03-10 21:12:30
gulisuifeng,世外高人,187942,2016-03-10 16:50:40
sunya14125813,风尘奇侠,229181,2016-03-10 16:15:35
q4q4q4215,世外高人,226348,2016-03-10 14:22:36
wanjianyi,无双隐士,208030,2016-03-09 21:27:30
wwwzxwww,武林高手,224830,2016-03-09 20:05:59
my6664015,无双隐士,182849,2016-03-09 19:14:40
RUMENGSIKONG,无双隐士,108034,2016-03-09 19:11:19
pxy619110018,世外高人,84722,2016-03-09 12:45:33
mingzibuzhidao,无双隐士,180643,2016-03-08 16:46:09
w14120997,无双隐士,229598,2016-03-08 11:20:27
hualixiaoqiang,江湖侠隐,223870,2016-03-07 21:11:29
sunya14125813,风尘奇侠,229181,2016-03-07 16:24:40
echoseaaa,世外高人,224336,2016-03-07 15:29:39
zhangqingxuan,江湖小虾,236262,2016-03-06 16:31:54
erheiyandou,江湖侠隐,180086,2016-03-06 12:46:38
yl550,江湖侠隐,109241,2016-03-05 19:17:56
huohuabrother,武林高手,238144,2016-03-05 15:07:47
qw12112,江湖侠隐,237975,2016-03-05 08:01:47
foxray,武林高手,236459,2016-03-04 21:34:47
bbaigg,世外高人,165836,2016-03-04 15:59:06
cq447139123,世外高人,190039,2016-03-04 10:50:57
lydt,江湖侠隐,173952,2016-03-03 20:39:44
tianleixinglang,世外高人,228992,2016-03-03 19:53:12
wyzdyx,江湖侠隐,224904,2016-03-03 19:48:52
lyc77,武林高手,111221,2016-03-03 14:45:00
sunya14125813,风尘奇侠,229181,2016-03-03 13:42:45
chensong1944,世外高人,224960,2016-03-03 01:35:41
MrLX,无双隐士,225274,2016-03-02 23:02:16
renyuxuan1995,江湖侠隐,217735,2016-03-02 22:55:10
XYZF,风尘奇侠,230179,2016-03-02 22:39:47
qlaz,江湖侠隐,177102,2016-03-02 19:13:32
taozechun,无双隐士,193997,2016-03-02 18:52:45
niugang0118,世外高人,230447,2016-03-02 16:40:52
zr12251143,无双隐士,233531,2016-03-02 13:57:16
wallace188,世外高人,201150,2016-03-02 12:08:42
yrx1124,风尘奇侠,203721,2016-03-02 11:34:09
lyowsn,世外高人,180040,2016-03-01 20:31:03
lostin,武林新丁,241029,2016-03-01 16:49:31
wangtao184327,无双隐士,225498,2016-03-01 12:26:55
qzqz328893396,世外高人,166827,2016-02-29 21:57:15
HEXIAO1992WEI3,江湖侠隐,183903,2016-02-29 21:42:14
liyulong,无双隐士,216351,2016-02-29 21:32:21
zq951114,世外高人,227396,2016-02-29 19:58:25
wangtianwei,风尘奇侠,87971,2016-02-29 19:12:48
zhang201149,风尘奇侠,235828,2016-02-29 18:58:17
zhang6334,武林高手,190663,2016-02-29 17:19:45
swear,世外高人,115781,2016-02-29 17:00:29
kongbai2012,世外高人,164563,2016-02-29 16:46:41
me1292207077,江湖侠隐,212793,2016-02-29 16:45:57
swear,世外高人,115781,2016-02-29 15:59:17
lihaoxuan,世外高人,219315,2016-02-29 14:45:25
a391239433,风尘奇侠,218709,2016-02-29 14:12:39
ms930915,江湖小虾,236812,2016-02-29 13:33:43
llz3278,世外高人,218809,2016-02-29 12:38:11
qq0152663qq,武林高手,207817,2016-02-29 10:55:45
shifeng203,无双隐士,104023,2016-02-29 10:20:39
foxet,无双隐士,121888,2016-02-28 23:31:42
xt101873,风尘奇侠,239137,2016-02-28 22:32:36
foxet,无双隐士,121888,2016-02-28 22:17:17
balele,风尘奇侠,93451,2016-02-28 17:35:50
realseif,风尘奇侠,236144,2016-02-28 16:21:31
James001,世外高人,227006,2016-02-28 15:59:06
rucyangge,武林高手,200036,2016-02-28 15:02:18
Lector,风尘奇侠,217823,2016-02-28 12:13:16
SLH123,世外高人,226074,2016-02-27 23:49:58
